Case,CT,CP
Baseline,0.6553123542496475,0.4481420165291709
Optimized,0.7499999995300376,0.47889953298573557
Actuator disk,0.75,0.5625
