Case,CT,CP
Baseline,0.6553123542496475,0.4481420165291709
Optimized,0.7499999977288222,0.478935160794538
Actuator disk,0.75,0.5625
