parameter,value
a0,-0.16712269904678068
a1,-0.0005203699368581511
b0,-4.999989565425291
b1,1.4052206884526257
b2,9.740239534358848
