Method,CT,CP
Baseline,0.6548996357523348,0.4477423173501877
Analytical method,0.7499999999999996,0.4805299376585265
Polynomial method,,
Actuator disk theory,0.75,0.5625
